CustomerID,Gender,Tenure,ContractType,InternetService,TechSupport,Churn,AgeGroup,TotalChargesPerMonth
1,1,-0.7929303499016824,0,0,1,1,1,0.5990618078131373
2,1,-1.004759736103962,0,0,1,1,1,-2.3562856484721197
3,2,-0.8988450430028222,0,0,0,1,2,-0.22248129944623907
4,2,-0.581100963699403,1,1,1,1,2,1.0670336347902827
5,1,0.6898753535142736,0,0,0,1,1,-0.04786993870137136
6,2,-0.15744219129484413,2,1,1,1,1,1.6494060084623405
7,1,-0.26335688439598387,1,1,0,1,2,0.3304546762458416
8,2,-0.6870156568005428,1,1,0,1,2,-0.38605401094861497
9,2,1.8019796310762408,2,0,1,0,1,-0.6901186219008841
10,2,-0.4751862705982633,0,0,1,1,2,-0.29741031248618227
11,2,-0.951802389553392,0,0,1,1,1,-0.2311784170312324
12,2,0.0014298483568654405,1,0,1,0,1,-1.1460482860680383
13,1,-0.8988450430028222,2,1,0,1,1,-0.24021003913872566
14,2,-0.581100963699403,1,1,0,1,0,0.0447878140310582
15,1,-0.26335688439598387,0,0,1,1,0,0.8231798378879674
16,2,1.1664914724694024,2,0,1,0,1,0.6244841515231183
17,2,-0.3163142309465537,0,1,0,1,1,0.7810322680529992
18,2,0.26621658110971474,2,0,0,1,1,-1.3276842417854005
19,1,4.185060225851885,2,0,1,0,1,-0.6974777213958785
20,2,-0.8988450430028222,0,0,0,1,2,0.639202350513107
21,2,-0.6870156568005428,1,1,0,1,2,0.10432961903601305
22,2,-0.4751862705982633,0,1,0,1,1,-1.3367158638928933
23,1,-0.4751862705982633,0,1,1,1,1,1.0690406619252812
24,1,-0.4751862705982633,1,0,1,1,2,0.9737068730128532
25,1,1.4842355517728216,1,1,1,0,1,0.29834224208586574
26,1,0.31917392766028463,2,1,1,0,1,-1.1527383765180332
27,2,-0.05152749819370442,1,0,1,0,1,0.9549746197528673
28,1,-0.634058310249973,0,1,0,1,1,0.40438017571828533
29,2,0.7957900466154133,2,1,1,1,1,1.001470748380332
30,1,2.2785957500313696,2,0,1,0,1,0.9104855182604011
31,1,0.7957900466154133,0,1,0,1,1,1.064692103132784
32,2,-1.004759736103962,2,1,1,1,2,-2.3562856484721197
33,2,0.0543871949074353,0,0,1,1,1,-0.9302928690557019
34,2,-0.951802389553392,2,0,1,1,1,0.6676352349255857
35,2,-0.7399730033511126,0,1,1,1,2,0.5151011726657019
36,2,-0.951802389553392,0,0,0,1,1,0.881718129325423
37,1,-0.05152749819370442,0,1,1,1,1,-0.8413146660707694
38,2,0.2132592345591449,1,0,1,0,0,-0.7657166439858267
39,2,-0.8988450430028222,0,0,0,1,1,1.3279471623400845
40,2,-0.5281436171488332,0,0,0,1,1,0.9051334459004053
41,1,-0.3692715774971236,1,0,1,1,2,1.3814678859400442
42,2,-0.5281436171488332,2,0,1,1,1,0.9312247986553855
43,1,-0.8988450430028222,0,0,0,1,1,0.4448552229407544
44,1,-0.4751862705982633,0,1,1,1,1,0.6164560429831245
45,1,0.42508862076142434,0,0,0,1,2,1.3239331080700873
46,1,-0.951802389553392,0,0,0,1,1,0.3896619767282966
47,2,-0.951802389553392,2,1,1,1,1,0.5512276610956739
48,2,-0.581100963699403,2,1,0,1,2,-0.8817897132932389
49,2,1.9608516707279502,1,1,0,1,1,0.07388970748853675
50,1,0.16030188800857503,0,0,1,1,0,0.8041130801054821
51,1,0.16030188800857503,1,1,1,0,1,-0.5372500551185003
52,1,-0.581100963699403,1,1,0,1,1,-0.7439738500233433
53,2,-0.05152749819370442,2,0,1,0,1,-0.4081313094335983
54,1,-1.004759736103962,1,0,0,1,2,-2.3562856484721197
55,2,0.0543871949074353,1,1,0,1,2,-0.7058403344583724
56,2,1.5371928983233913,1,0,0,1,2,-0.07362678693385215
57,1,-0.05152749819370442,0,1,1,1,1,1.3804643723725445
58,2,1.1664914724694024,2,0,1,0,1,0.1739065597159602
59,2,0.31917392766028463,1,0,0,1,1,-0.7871249334258107
60,2,-0.8988450430028222,1,0,0,1,2,-1.1209604468805572
61,2,1.4312782052222517,0,1,1,1,1,0.7428987524880286
62,1,-0.951802389553392,1,1,0,1,1,-0.20040400096125568
63,1,-0.21039953784541401,1,1,0,1,1,1.1212233674352416
64,2,-0.8458876964522524,0,0,1,1,1,0.632846764585612
65,2,-1.004759736103962,0,0,1,1,2,-2.3562856484721197
66,1,-0.4751862705982633,1,1,1,1,2,-0.5339050098935029
67,2,-0.6870156568005428,1,0,1,1,1,0.7315255987230371
68,2,-0.3163142309465537,1,0,1,0,2,-0.5576548309909848
69,2,-0.10448484474427427,0,0,1,1,1,1.474460143194973
70,1,-1.004759736103962,1,0,0,1,1,-2.3562856484721197
71,2,-0.8988450430028222,0,0,1,1,1,-0.37568437075112276
72,2,-0.15744219129484413,0,0,1,1,2,-0.5412641093884972
73,1,-0.581100963699403,0,0,0,1,1,-0.7780933113183175
74,1,0.37213127421085446,0,1,0,1,2,0.7385501936955315
75,2,0.10734454145800516,0,0,1,1,0,-0.6944671806933809
76,1,0.9546620862671229,0,0,1,1,2,0.4395031505807586
77,2,0.2132592345591449,0,0,0,1,1,-0.5559823083784862
78,2,-0.42222892404769347,0,0,0,1,1,0.6402058640806063
79,1,0.16030188800857503,1,0,1,1,1,1.1004840870402572
80,2,-0.6870156568005428,0,0,0,1,0,0.9894285855703412
81,1,-0.634058310249973,0,0,0,1,1,0.9379148891053806
82,2,0.6369180069637038,2,0,0,1,1,-0.7874594379483101
83,1,-0.42222892404769347,0,0,0,1,2,-1.0868409855855827
84,2,0.6898753535142736,1,1,0,1,1,0.7515958700730218
85,1,0.7957900466154133,0,1,1,1,1,-0.24388958888622284
86,1,1.0076194328176928,0,0,1,1,1,-0.051214983926369105
87,2,1.5901502448739613,1,1,1,0,2,-1.2591108146729526
88,1,-0.42222892404769347,1,1,1,1,1,-0.5713695164134741
89,2,-0.634058310249973,2,0,1,1,1,-1.2514172106554582
90,1,-0.10448484474427427,1,0,1,1,2,1.29416220556761
91,2,-0.5281436171488332,2,0,1,1,1,-0.6198726721759376
92,1,-0.05152749819370442,0,0,0,1,2,0.32510260388584583
93,2,0.26621658110971474,0,0,1,1,1,-1.2353609935754706
94,1,0.2132592345591449,0,0,0,1,1,0.654924063070595
95,1,-0.5281436171488332,0,1,1,1,1,-0.3803674340661192
96,1,-0.8458876964522524,1,0,1,1,2,1.3503589653475676
97,1,-0.42222892404769347,1,0,0,1,1,1.32092256736759
98,2,-0.8458876964522524,0,0,1,1,1,-0.37334283909362453
99,1,1.325363512121112,2,0,0,1,1,1.3597250919775605
100,2,-0.581100963699403,2,0,1,1,1,1.6460609632373433
101,1,-0.8458876964522524,0,1,1,1,2,1.1322620166777333
102,1,-1.004759736103962,0,0,1,1,1,-2.3562856484721197
103,2,0.0543871949074353,0,0,1,1,1,-0.6031474460509505
104,2,0.0543871949074353,0,0,0,1,1,0.3833063908008015
105,1,-0.581100963699403,0,1,1,1,1,-1.150396844860535
106,1,-0.951802389553392,1,1,0,1,1,-1.067105218758098
107,1,-0.4751862705982633,0,0,0,1,2,1.654423576299837
108,2,-0.634058310249973,0,1,0,1,1,-0.36932878482362763
109,2,0.16030188800857503,2,0,1,0,1,0.8997813735404095
110,1,-0.05152749819370442,1,1,0,1,1,1.0757307523752757
111,2,-0.5281436171488332,2,0,0,1,0,1.2302718417701586
112,2,-0.7929303499016824,0,0,1,1,1,1.6507440265523399
113,2,3.655486760346186,0,0,1,1,1,-0.625893753580933
114,2,-0.3692715774971236,1,0,0,1,2,-1.2313469393054735
115,1,0.2132592345591449,0,0,1,1,1,-0.1147708432013206
116,1,-0.8458876964522524,0,1,1,1,1,-0.9610672851256785
117,1,-0.3163142309465537,1,0,0,1,1,-1.2852021674279324
118,1,-1.004759736103962,1,1,1,1,1,-2.3562856484721197
119,2,-0.26335688439598387,0,1,1,1,2,1.0068228207403285
120,2,2.490425136233649,0,0,1,1,2,0.3518629656858249
121,1,-0.5281436171488332,0,0,1,1,2,-0.41114185013609567
122,1,-1.004759736103962,0,0,0,1,1,-2.3562856484721197
123,1,-1.004759736103962,0,0,0,1,2,-2.3562856484721197
124,2,-0.5281436171488332,0,0,1,1,2,-1.3096209975704138
125,1,-0.8458876964522524,0,1,0,1,2,0.9482845293028728
126,2,-1.004759736103962,2,0,1,1,2,-2.3562856484721197
127,1,0.47804596731199417,1,1,0,1,1,0.9422634478978771
128,1,-0.3692715774971236,1,0,1,0,1,-1.2356954980979702
129,2,-0.6870156568005428,0,0,1,1,1,1.167384991540206
130,2,1.4312782052222517,0,0,1,1,1,0.5124251364857035
131,1,-0.8988450430028222,0,1,0,1,0,0.3435003526233313
132,2,2.2785957500313696,0,1,0,1,1,0.5278123445206916
133,2,-0.634058310249973,0,0,1,1,1,1.2496731040751439
134,2,1.272406165570542,1,1,0,1,1,0.4140808068707782
135,1,-0.05152749819370442,1,0,0,1,1,0.3963520671782916
136,2,0.8487473931659832,1,1,0,1,2,1.629670241634855
137,2,3.3377426810427666,0,0,0,1,1,0.9255382217728894
138,2,-0.6870156568005428,2,1,1,1,1,-0.021109576901391758
139,1,2.384510443132509,0,0,0,1,2,0.7770182137830026
140,1,-0.5281436171488332,0,1,0,1,1,-0.18100273865627048
141,1,-0.5281436171488332,0,1,1,1,1,-0.6636927646234044
142,2,-0.581100963699403,1,0,0,1,2,0.4441862138957551
143,1,-0.21039953784541401,2,1,1,1,0,1.441678699989998
144,2,-0.8458876964522524,0,0,0,1,1,1.4443547361699962
145,2,-0.15744219129484413,2,0,1,0,1,-0.32350166524116225
146,1,-0.21039953784541401,2,1,1,0,2,0.23578989637841305
147,2,0.47804596731199417,0,1,0,1,1,-0.7155409656108648
148,1,0.8487473931659832,0,0,0,1,1,1.6447229451473446
149,2,-0.42222892404769347,0,1,1,1,2,1.6009028526998772
150,1,-0.634058310249973,2,1,1,1,1,0.6027413575606346
151,2,-0.6870156568005428,0,0,0,1,1,1.0690406619252817
152,2,-0.7929303499016824,1,0,1,1,1,0.800099025835485
153,2,-0.951802389553392,0,0,1,1,1,0.4328130601307636
154,2,-0.581100963699403,1,1,1,1,1,-1.1922099101730033
155,2,-0.6870156568005428,0,1,0,1,1,0.01635492961857949
156,2,2.5433824827842186,1,1,0,1,1,0.6786738841680773
157,2,-0.15744219129484413,2,1,1,0,2,0.6870364972305709
158,2,-0.581100963699403,2,0,1,1,1,-0.22950589441873376
159,1,-0.10448484474427427,2,0,0,1,1,1.4821537472124675
160,2,-0.8988450430028222,0,1,1,1,2,-0.8490082700882635
161,2,-0.42222892404769347,1,0,1,1,1,0.1535017838434757
162,2,0.0014298483568654405,0,0,1,1,2,0.7271770399305406
163,1,-0.3163142309465537,0,1,0,1,2,0.745909293190526
164,2,-0.4751862705982633,1,1,0,1,1,0.6000653213806366
165,1,4.343932265503594,0,0,0,1,2,-0.5238698742185105
166,2,1.2194488190199722,1,1,1,0,1,-0.8824587223382382
167,1,0.0014298483568654405,2,1,0,1,2,0.5615973012931657
168,2,-0.15744219129484413,0,0,1,1,2,0.45154531339074944
169,2,0.0014298483568654405,1,1,0,1,1,-0.8128817816582911
170,1,-0.7929303499016824,0,0,1,1,1,0.7699936188105077
171,2,-0.4751862705982633,0,1,0,1,1,0.017692947708578686
172,1,-1.004759736103962,0,1,0,1,1,-2.3562856484721197
173,2,-0.3692715774971236,2,0,0,1,1,1.1680540005852058
174,2,-0.21039953784541401,2,0,0,1,1,-0.8416491705932692
175,2,-0.7399730033511126,2,0,1,1,1,-1.295237303102925
176,2,2.490425136233649,2,0,0,1,2,0.992773630795339
177,2,1.5371928983233913,0,1,1,1,1,0.48265423398322604
178,1,0.31917392766028463,0,0,0,1,2,0.7536028972080203
179,1,-0.21039953784541401,1,1,0,1,1,1.1703955322427042
180,2,1.1135341259188325,0,0,0,1,2,1.0640230940877848
181,2,-0.8988450430028222,0,0,1,1,2,1.5400230296049238
182,2,0.6369180069637038,0,0,1,1,1,0.26054323104339455
183,2,-0.8988450430028222,1,1,0,1,1,0.11770979993600263
184,1,0.6369180069637038,1,0,1,0,1,-0.14286922309129937
185,2,-0.6870156568005428,0,0,0,1,1,-0.8901523263557323
186,1,1.1664914724694024,0,1,1,1,2,0.3709297234683107
187,2,2.01380901727852,1,0,1,0,1,-0.5188523063810139
188,1,-0.8458876964522524,1,1,0,1,1,1.420939419595014
189,1,-0.3692715774971236,0,0,1,1,1,0.40304215762828616
190,1,3.178870641391057,1,1,0,1,0,0.4321440510857642
191,1,-0.3163142309465537,0,1,0,1,1,-0.2843646361086919
192,2,1.0605767793682626,0,0,1,1,2,-1.1962239644430002
193,1,-0.10448484474427427,1,0,1,0,1,-1.257103787537954
194,1,-0.5281436171488332,1,0,0,1,1,-0.07830985024884862
195,1,-0.6870156568005428,0,1,1,1,1,-1.0982141393505744
196,1,-0.7929303499016824,1,1,0,1,1,0.4742916209207324
197,1,0.47804596731199417,1,0,1,1,1,1.2995142779276063
198,1,-0.5281436171488332,1,1,1,1,1,1.3052008548101015
199,2,-0.26335688439598387,1,0,0,1,1,0.6311742419731128
200,2,-0.3163142309465537,1,0,1,0,1,-0.7168789837008639
201,2,-0.10448484474427427,0,0,1,1,1,1.2453245452826474
202,1,1.1135341259188325,0,1,0,1,2,1.3149014859625945
203,1,3.1259132948404873,0,0,1,1,2,-0.7606990761483308
204,2,-0.4751862705982633,0,0,0,1,2,0.8673344348579342
205,2,0.8487473931659832,1,0,1,0,1,-0.490084917446036
206,1,0.47804596731199417,1,1,1,1,1,1.0636885895652848
207,1,-0.10448484474427427,0,1,1,1,2,1.6494060084623405
208,1,2.2785957500313696,0,0,1,1,2,-1.2624558598979498
209,1,-0.7929303499016824,0,0,1,1,2,1.3486864427350689
210,1,-0.8988450430028222,0,1,0,1,2,0.5217912631156965
211,2,1.0076194328176928,1,0,0,1,2,1.5774875361248955
212,2,-0.42222892404769347,0,0,0,1,2,0.047129345688556194
213,2,0.9546620862671229,1,1,0,1,2,1.1981594076101827
214,2,1.325363512121112,2,0,1,0,2,-1.1647805393280242
215,2,-0.951802389553392,0,1,1,1,1,-0.34323743206864743
216,2,1.2194488190199722,0,0,0,1,2,-1.1510658539055343
217,2,-0.42222892404769347,0,1,0,1,1,1.58350861752989
218,1,-0.26335688439598387,1,0,0,1,1,1.1068396729677523
219,1,0.0014298483568654405,1,1,1,1,1,1.2138811201676707
220,1,1.7490222845256709,0,0,0,1,1,1.4711150979699759
221,2,-1.004759736103962,1,0,0,1,2,-2.3562856484721197
222,2,-0.3692715774971236,2,0,0,1,0,-0.19204138789876204
223,1,0.2132592345591449,0,1,0,1,2,-1.1390236910955436
224,2,0.31917392766028463,0,0,1,1,0,-0.7182170017908629
225,1,0.2132592345591449,2,1,0,1,1,-0.6623547465334052
226,2,-0.8988450430028222,1,0,1,1,2,0.05950601302104696
227,1,-0.634058310249973,2,0,0,1,1,-0.5442746500909948
228,1,-0.581100963699403,1,0,1,1,1,-1.048707470020612
229,2,0.6898753535142736,2,0,1,0,1,-0.8486737655657639
230,1,-0.6870156568005428,0,1,0,1,2,-0.9095535886607177
231,1,-0.7929303499016824,1,0,1,1,1,1.5768185270798956
232,1,2.3315530965819393,2,1,0,1,1,0.9332318257903841
233,2,-1.004759736103962,1,0,1,1,1,-2.3562856484721197
234,2,5.4560365430655615,0,1,0,1,1,-0.02880318091888605
235,1,0.16030188800857503,0,0,1,1,2,-0.5148382521110173
236,2,0.8487473931659832,0,1,0,1,2,1.0506429131877948
237,2,-0.6870156568005428,0,0,0,1,0,-0.37066680291362636
238,1,-1.004759736103962,0,0,0,1,1,-2.3562856484721197
239,1,0.37213127421085446,1,1,1,0,1,-0.6526541153809127
240,1,0.8487473931659832,1,1,1,0,2,-0.9624053032156775
241,1,0.37213127421085446,0,1,1,1,1,-0.5807356430434673
242,2,-0.8458876964522524,1,1,0,1,1,-0.2830266180186932
243,1,0.47804596731199417,0,0,1,1,2,0.6763323525105789
244,2,0.531003313862564,0,0,1,1,2,-1.164446034805524
245,2,0.10734454145800516,0,1,1,1,1,-0.7188860108358622
246,1,0.531003313862564,1,0,0,1,1,1.0827553473477702
247,2,0.9546620862671229,0,1,0,1,1,-0.9105571022282167
248,1,0.0014298483568654405,0,1,0,1,1,-0.321160133583664
249,2,-0.951802389553392,0,0,1,1,2,1.250342113120143
250,2,-0.3163142309465537,2,1,1,0,1,-0.886472776608235
251,2,-0.951802389553392,0,1,1,1,1,-1.1035662117105705
252,2,-0.4751862705982633,1,1,1,1,2,0.1060021416485117
253,1,-0.4751862705982633,1,1,1,1,2,-0.44225077072857205
254,2,-0.951802389553392,1,1,1,1,2,0.3435003526233313
255,2,-0.581100963699403,2,1,1,1,0,1.0670336347902827
256,2,-0.8988450430028222,0,0,1,1,1,-0.9399935002081945
257,2,0.7428327000648435,0,1,0,1,2,0.39534855361079235
258,2,2.11972371037966,2,0,1,0,1,0.16922349640096374
259,1,-0.951802389553392,0,1,0,1,1,-0.9189197152907106
260,1,2.2785957500313696,1,0,0,1,2,0.525805317385693
261,2,-0.26335688439598387,1,1,1,0,1,-0.5288874420560065
262,1,-0.634058310249973,1,0,0,1,1,0.11603727732350398
263,2,-0.951802389553392,2,1,0,1,0,-1.1052387343230692
264,2,-0.3163142309465537,2,0,0,1,1,0.030738624086068804
265,1,0.6369180069637038,1,0,1,0,1,-0.43020860791858145
266,1,0.26621658110971474,0,0,0,1,1,1.1228958900477397
267,2,-0.951802389553392,2,1,1,1,2,-1.1811712609305114
268,1,-0.951802389553392,0,1,1,1,2,-0.09269354471633746
269,2,-0.4751862705982633,0,1,0,1,1,0.027393578861071532
270,1,-0.6870156568005428,2,1,1,1,1,0.8298699283379625
271,2,-0.7399730033511126,0,0,1,1,2,0.37628179582830656
272,1,-0.6870156568005428,0,0,0,1,2,0.6559275766380943
273,2,0.6898753535142736,0,0,0,1,2,0.9864180448678439
274,1,1.7490222845256709,2,1,0,1,1,1.2429830136251487
275,2,-0.4751862705982633,1,1,0,1,1,-0.40779680491109843
276,1,1.4842355517728216,1,1,1,0,1,0.2668988169708897
277,2,-0.634058310249973,0,1,0,1,1,1.1764166136476994
278,2,-0.3692715774971236,1,0,0,1,1,1.6259906918873583
279,1,-0.7399730033511126,1,0,1,1,1,1.325271126160086
280,1,0.0543871949074353,0,1,0,1,1,-0.23452346225623014
281,1,3.0729559482899176,0,0,0,1,1,-0.7653821394633272
282,2,-0.05152749819370442,0,0,0,1,2,0.12072034063850093
283,2,-0.581100963699403,2,0,0,1,2,0.8800456067129243
284,2,0.0543871949074353,1,0,1,0,1,0.13008646726849338
285,1,-0.8988450430028222,2,1,0,1,2,0.10198808737851459
286,1,1.272406165570542,0,0,0,1,0,1.1707300367652038
287,2,-0.3163142309465537,1,0,0,1,1,-0.264628869281207
288,2,-0.42222892404769347,1,1,0,1,2,1.235623914130154
289,2,-0.10448484474427427,1,0,1,0,1,-0.12815102410131063
290,1,0.0014298483568654405,2,1,1,0,1,-0.36464572150863117
291,2,-0.951802389553392,0,0,1,1,1,0.014013397961081496
292,1,0.16030188800857503,0,0,1,1,1,0.9425979524203775
293,1,-0.7399730033511126,1,1,0,1,1,-0.9734439524581693
294,2,0.31917392766028463,1,0,0,1,2,-0.7613680851933301
295,2,0.7957900466154133,1,0,1,1,1,1.511590145192445
296,2,0.6898753535142736,0,0,1,1,1,-0.8245894399457822
297,1,-0.15744219129484413,1,1,1,0,2,0.3565460290008214
298,1,-0.26335688439598387,0,0,0,1,1,0.3913344993407952
299,2,-0.8458876964522524,0,0,0,1,2,0.12138934968350028
300,2,0.531003313862564,1,0,1,0,2,0.5883576630931457
301,1,-0.6870156568005428,1,0,1,1,1,-0.6610167284434063
302,1,-0.3163142309465537,0,0,1,1,1,0.31105341394085595
303,1,-0.6870156568005428,0,0,0,1,2,-0.23218193059873168
304,2,-0.8988450430028222,0,0,0,1,2,0.639202350513107
305,1,0.0014298483568654405,0,1,1,1,1,-0.927616832875704
306,1,-0.951802389553392,1,0,1,1,1,0.36591215563081436
307,1,0.42508862076142434,2,1,1,0,2,-0.7951530419658047
308,1,-0.634058310249973,0,0,0,1,1,-0.513834738543518
309,1,-1.004759736103962,1,1,1,1,2,-2.3562856484721197
310,2,-0.26335688439598387,2,0,1,0,1,-0.8021776369382991
311,1,-1.004759736103962,2,0,0,1,1,-2.3562856484721197
312,2,-0.6870156568005428,0,0,0,1,2,-0.4927609536260339
313,1,0.26621658110971474,2,0,0,1,2,1.4383336547650007
314,2,-0.951802389553392,0,0,1,1,2,1.5671178959274032
315,2,0.9017047397165531,0,1,0,1,2,0.3669156691983141
316,2,-1.004759736103962,0,0,0,1,1,-2.3562856484721197
317,2,-0.7399730033511126,0,1,0,1,2,-0.22515733562623697
318,1,0.42508862076142434,0,1,1,1,1,1.048970390575296
319,1,-0.634058310249973,0,0,1,1,1,-0.24656562506622073
320,2,-0.8988450430028222,0,0,0,1,1,-1.09085503985558
321,2,-0.581100963699403,2,1,0,1,1,0.3234300812733467
322,2,-0.6870156568005428,2,1,1,1,2,1.1914693171601882
323,2,0.9017047397165531,0,0,1,1,1,1.0432838136928004
324,2,-0.634058310249973,2,1,0,1,2,-0.8255929535132814
325,1,0.6369180069637038,2,1,1,0,1,0.6726528027630821
326,1,1.325363512121112,1,0,0,1,1,-0.6887806038108851
327,2,-0.42222892404769347,0,1,0,1,2,-0.6958051987833801
328,2,1.5371928983233913,1,0,0,1,2,1.278774997532622
329,1,-0.5281436171488332,2,1,0,1,2,-0.6011404189159517
330,2,2.490425136233649,1,1,0,1,2,-0.5603308671709828
331,1,-0.951802389553392,0,0,0,1,1,-1.3507650538378828
332,2,0.2132592345591449,1,0,1,1,1,1.2684053573351302
333,1,-0.3163142309465537,1,0,1,1,1,1.033248678017808
334,1,-0.5281436171488332,1,1,1,1,1,0.5358404530606853
335,2,0.0543871949074353,0,1,0,1,2,0.9058024549454051
336,1,0.26621658110971474,0,0,1,1,1,-0.8951698941932286
337,2,-1.004759736103962,2,1,1,1,1,-2.3562856484721197
338,2,-0.8458876964522524,2,1,1,1,1,-0.2954032853511835
339,2,0.26621658110971474,0,1,1,1,1,-1.0704502639830957
340,1,0.10734454145800516,2,1,1,0,1,0.11068520496350816
341,1,2.5433824827842186,0,0,0,1,1,1.4192668969825153
342,1,0.47804596731199417,1,0,0,1,1,-1.232015948350473
343,2,2.1726810569302297,1,1,1,0,1,-0.475366718456047
344,2,0.26621658110971474,2,1,1,0,1,-0.7279176329433555
345,2,-0.634058310249973,2,0,0,1,1,-0.6359288892559253
346,2,-0.8988450430028222,0,1,0,1,1,1.3821368949850434
347,2,0.5839606604131339,2,0,1,0,2,0.0564954723185496
348,2,0.0543871949074353,0,0,0,1,2,0.051143399958553305
349,1,-1.004759736103962,1,0,1,1,1,-2.3562856484721197
350,2,-0.581100963699403,1,1,1,1,1,-0.8878107946982342
351,1,2.2785957500313696,1,1,0,1,1,0.11403025018850543
352,2,-0.3163142309465537,0,0,0,1,2,-0.05823957889886357
353,2,-0.42222892404769347,2,0,1,1,2,0.4441862138957551
354,2,-0.3692715774971236,0,0,0,1,1,1.656430603434835
355,1,-0.7929303499016824,0,1,0,1,1,0.9636717373378609
356,1,-0.5281436171488332,1,0,0,1,1,-0.15491138590129022
357,1,-0.5281436171488332,0,1,1,1,1,1.1386176026052284
358,1,-0.951802389553392,2,0,1,1,1,-0.8389731344132713
359,1,0.531003313862564,0,1,1,1,1,-1.261117841807951
360,2,-0.4751862705982633,0,1,1,1,1,-0.7372837595733485
361,2,0.7957900466154133,2,0,1,0,2,-0.3278502240336588
362,1,0.9546620862671229,1,0,0,1,2,0.18427619991345243
363,1,-0.7929303499016824,0,1,0,1,1,0.49904495558571343
364,1,0.10734454145800516,1,0,1,1,1,1.3884924809125392
365,2,-0.3692715774971236,1,1,1,0,2,0.18226917277845386
366,2,1.2194488190199722,1,1,1,0,1,0.1561778200234736
367,2,-0.7929303499016824,0,1,0,1,1,-1.201576036802996
368,2,0.16030188800857503,2,0,0,1,1,-1.2477376609079611
369,2,-0.05152749819370442,2,0,0,1,1,0.3063703506258595
370,2,-0.6870156568005428,1,0,0,1,1,-0.033486244233882516
371,1,-0.8988450430028222,0,0,0,1,1,1.1737405774677014
372,2,0.10734454145800516,2,1,0,1,1,-0.8690785414382484
373,1,0.37213127421085446,1,1,1,0,2,-1.2775085634104384
374,2,-0.634058310249973,1,0,0,1,2,-0.001039305551407177
375,1,0.0543871949074353,0,1,0,1,2,-0.6379359163909236
376,2,-0.4751862705982633,2,1,0,1,1,-1.203248559415495
377,2,0.26621658110971474,1,0,1,0,2,0.8285319102479632
378,2,-0.7929303499016824,0,0,1,1,1,-1.0169295403831362
379,2,1.325363512121112,0,1,0,1,2,0.478640179713229
380,1,-0.6870156568005428,2,1,0,1,1,-0.5068101435710233
381,1,-0.5281436171488332,0,0,1,1,1,-0.8306105213507776
382,1,-0.951802389553392,2,1,1,1,1,-0.2094356230687487
383,1,-0.8988450430028222,1,0,0,1,0,1.0600090398177877
384,2,-0.26335688439598387,1,1,1,0,1,-0.17230562107127737
385,1,-0.6870156568005428,0,1,1,1,1,0.9074749775579033
386,2,0.9017047397165531,0,0,1,1,1,-0.975116475070668
387,2,-1.004759736103962,2,1,0,1,1,-2.3562856484721197
388,2,-0.5281436171488332,0,1,1,1,2,-0.6396084390034225
389,1,-0.581100963699403,1,1,1,1,2,0.6867019927080711
390,2,-1.004759736103962,0,1,0,1,1,-2.3562856484721197
391,2,-0.8988450430028222,0,0,1,1,1,1.4443547361699962
392,2,-0.4751862705982633,0,0,0,1,1,-0.18668931553876622
393,2,-0.3163142309465537,1,1,1,0,1,-1.1537418900855323
394,2,-0.4751862705982633,2,0,1,1,2,-1.295237303102925
395,1,-0.21039953784541401,0,1,0,1,2,1.1366105754702298
396,2,-0.05152749819370442,0,1,1,1,1,0.22709277879341996
397,1,-1.004759736103962,0,0,1,1,0,-2.3562856484721197
398,1,-0.3692715774971236,1,0,0,1,2,-0.6469675384984169
399,1,2.490425136233649,0,0,0,1,1,-0.31380103408866966
400,1,-0.26335688439598387,2,0,0,1,2,-1.2621213553754502
401,1,0.16030188800857503,1,0,1,1,0,1.5416955522174218
402,1,-0.634058310249973,1,0,1,1,1,0.6579346037730929
403,2,0.531003313862564,0,1,0,1,1,1.4567314035024865
404,2,0.531003313862564,2,1,1,0,1,-0.5536407767209878
405,2,-0.26335688439598387,0,1,1,1,1,0.4880063063432219
406,1,2.914083908638208,0,0,0,1,2,0.6897125334105688
407,1,-0.8988450430028222,1,0,1,1,1,-0.39675815566860684
408,2,-1.004759736103962,1,1,1,1,1,-2.3562856484721197
409,1,0.531003313862564,0,0,0,1,1,1.498544468814955
410,1,0.6898753535142736,0,1,0,1,2,1.3112219362150972
411,2,-0.8988450430028222,1,0,0,1,2,0.8723520026954301
412,1,-0.6870156568005428,0,1,1,1,1,-0.5175142882910152
413,2,-1.004759736103962,2,0,1,1,0,-2.3562856484721197
414,2,-0.6870156568005428,1,0,0,1,2,1.5473821290999181
415,1,0.531003313862564,0,1,1,1,1,-1.321663160380405
416,1,-0.26335688439598387,0,1,0,1,1,0.8027750620154834
417,2,-0.581100963699403,0,0,0,1,2,0.7733386640355054
418,1,-0.5281436171488332,1,0,0,1,1,0.5217912631156965
419,1,-1.004759736103962,1,0,0,1,2,-2.3562856484721197
420,2,-0.634058310249973,0,0,1,1,1,-0.41381788631609384
421,1,0.0543871949074353,1,1,1,0,2,-0.329188242123658
422,2,2.861126562087638,2,0,1,0,2,-1.1152738699980616
423,2,0.9546620862671229,0,1,1,1,1,-0.019771558811393038
424,1,-1.004759736103962,2,1,1,1,2,-2.3562856484721197
425,1,1.3783208586716817,0,1,0,1,2,-0.31915310644866574
426,1,0.5839606604131339,0,0,1,1,2,1.1596913875227122
427,1,0.5839606604131339,0,0,0,1,1,1.4634214939524817
428,1,-0.3692715774971236,0,1,1,1,2,-0.7934805193533058
429,2,-0.4751862705982633,0,1,1,1,2,-0.23117841703123262
430,1,-0.634058310249973,0,0,1,1,0,1.443016718079997
431,2,-0.951802389553392,2,1,1,1,1,-1.1667875664630225
432,2,-0.7399730033511126,2,1,1,1,0,-1.0747988227755922
433,2,-0.7399730033511126,1,1,0,1,1,-0.8627229555107533
434,2,-0.3163142309465537,0,1,0,1,2,0.43916864605825917
435,1,0.42508862076142434,0,1,0,1,2,-0.899852957508225
436,2,-0.3692715774971236,0,0,1,1,1,1.561765823567407
437,2,-0.951802389553392,1,0,0,1,2,-0.008063900523901638
438,1,2.3315530965819393,2,0,1,0,1,0.1571813335909729
439,1,2.01380901727852,0,0,1,1,0,-0.6101720410234448
440,2,0.5839606604131339,0,0,1,1,1,0.0651925899035427
441,1,3.973230839649605,1,0,0,1,1,0.6398713595581064
442,1,-0.21039953784541401,0,1,1,1,1,0.9088129956479025
443,1,2.437467789683079,0,1,1,1,0,0.9168411041878962
444,1,-0.951802389553392,1,0,0,1,1,0.38698594054829866
445,2,-0.5281436171488332,1,0,0,1,1,1.3697602276525527
446,2,-0.7399730033511126,0,0,1,1,2,1.1081776910577505
447,2,-0.7929303499016824,0,0,0,1,1,0.9262072308178891
448,1,-0.8458876964522524,2,0,0,1,1,-1.1855198197230084
449,1,0.0014298483568654405,0,1,1,1,1,-1.3320328005778972
450,2,0.5839606604131339,0,0,0,1,1,-0.7131994339533667
451,1,-0.10448484474427427,0,0,1,1,1,0.6448889273956028
452,1,-0.8458876964522524,0,0,0,1,2,-0.1147708432013206
453,2,0.7428327000648435,0,1,0,1,1,-0.14119670047880029
454,1,0.0543871949074353,2,0,1,1,2,1.3102184226475975
455,2,-0.5281436171488332,0,1,1,1,1,1.3433343703750726
456,1,0.16030188800857503,0,0,0,1,1,1.384478426642542
457,1,-0.6870156568005428,1,1,1,1,1,-0.40779680491109843
458,1,-0.581100963699403,1,0,0,1,1,0.72784604897554
459,2,1.5901502448739613,2,0,0,1,1,-0.5349085234610018
460,2,-0.6870156568005428,2,0,1,1,1,-0.7790968248858167
461,2,-0.3692715774971236,0,0,0,1,2,-0.7968255645783033
462,2,1.325363512121112,1,0,1,0,1,-0.3228326561961627
463,1,0.26621658110971474,0,0,0,1,1,-0.05823957889886357
464,2,-0.951802389553392,2,0,1,1,1,1.1489872428027206
465,1,-0.8458876964522524,0,0,0,1,1,-0.9918417011956553
466,2,-1.004759736103962,2,0,0,1,1,-2.3562856484721197
467,1,0.0014298483568654405,1,0,0,1,2,0.24716305014340453
468,2,-0.42222892404769347,0,1,1,1,2,-0.4857363586535392
469,1,-0.8988450430028222,1,1,0,1,1,0.13075547631349274
470,1,2.3315530965819393,2,1,0,1,1,-0.44994437474606636
471,2,-0.21039953784541401,2,1,0,1,1,0.44184468223825707
472,1,-0.7399730033511126,0,1,1,1,0,-0.04653192061137264
473,1,-0.3163142309465537,1,1,0,1,0,-0.8577053876732571
474,1,0.16030188800857503,0,1,0,1,2,-1.0018768368706477
475,1,-0.951802389553392,0,0,1,1,2,0.29299016972586994
476,2,-0.6870156568005428,0,0,0,1,1,1.3640736507700566
477,2,0.6898753535142736,0,1,1,1,2,-0.3171460793136672
478,2,-0.3692715774971236,2,1,0,1,1,0.8539542539579446
479,2,-0.21039953784541401,0,1,1,1,2,0.6301707284056141
480,1,-0.42222892404769347,2,0,1,1,2,1.4517138356649908
481,2,-1.004759736103962,0,0,0,1,1,-2.3562856484721197
482,1,-0.8458876964522524,0,1,1,1,1,0.3528664792533242
483,1,-0.42222892404769347,0,1,0,1,0,0.6251531605681176
484,2,-0.7929303499016824,0,1,1,1,1,1.3516969834375663
485,1,-0.951802389553392,0,0,1,1,1,-0.14989381806379432
486,2,0.9546620862671229,0,0,1,1,2,-0.36899428030112774
487,1,3.178870641391057,1,0,1,0,1,-1.320325142290406
488,2,0.6369180069637038,0,1,1,1,1,1.1356070619027305
489,2,1.0076194328176928,0,1,0,1,2,1.058671021727789
490,2,-0.7399730033511126,0,1,0,1,2,-1.03833782982312
491,2,2.384510443132509,2,1,0,1,1,0.38397539984580087
492,2,-0.7929303499016824,2,1,0,1,2,0.04411880498605884
493,1,2.1726810569302297,0,0,0,1,1,-0.9955212509431525
494,2,4.555761651705874,0,1,1,1,1,1.5992303300873787
495,1,0.26621658110971474,0,1,0,1,2,-0.7065093435033717
496,2,3.178870641391057,2,0,1,0,2,-1.150396844860535
497,2,-0.15744219129484413,0,1,0,1,1,0.4381651324907599
498,2,-0.6870156568005428,0,0,0,1,1,0.8716829936504307
499,1,-0.42222892404769347,0,0,1,1,1,-1.2550967604029555
500,1,-0.05152749819370442,0,1,0,1,1,0.6301707284056141
501,2,-0.951802389553392,0,1,0,1,2,0.24983908632340246
502,1,0.0014298483568654405,1,0,0,1,2,-1.0420173795706171
503,1,3.178870641391057,0,1,0,1,1,-0.8332865575307755
504,1,-0.7929303499016824,1,1,1,1,2,0.3572150380458212
505,2,0.6369180069637038,0,1,1,1,1,-0.4606485194660582
506,2,1.4842355517728216,0,1,1,1,1,1.4721186115374756
507,1,2.01380901727852,2,1,1,1,1,1.1121917453277481
508,1,2.384510443132509,0,0,0,1,1,1.6082619521948716
509,1,-0.26335688439598387,2,0,1,0,1,-0.5710350118909746
510,2,2.9670412551887777,1,1,0,1,1,1.5667833914049032
511,2,0.47804596731199417,0,0,0,1,1,-0.054560029151366374
512,1,-0.8458876964522524,2,0,0,1,1,-0.3064419345936753
513,1,-0.3692715774971236,0,0,1,1,1,-1.2012415322804963
514,1,0.31917392766028463,2,0,1,0,1,-1.193882432785502
515,2,-0.7399730033511126,0,1,0,1,1,0.7305220851555378
516,2,0.0543871949074353,2,1,0,1,2,0.025721056248572422
517,1,0.10734454145800516,0,1,0,1,2,-0.6707173595958988
518,1,-0.8458876964522524,1,1,0,1,1,0.4956999103607162
519,1,-0.15744219129484413,1,1,1,0,1,-0.5914397877634592
520,2,0.531003313862564,2,1,1,0,2,0.3863169315032988
521,1,-0.3163142309465537,2,1,1,0,0,-0.271318959731202
522,2,-1.004759736103962,2,0,0,1,2,-2.3562856484721197
523,2,-1.004759736103962,2,0,0,1,1,-2.3562856484721197
524,1,-0.581100963699403,0,0,0,1,2,0.084259347686028
525,1,1.7490222845256709,0,0,0,1,1,-0.29674130344118266
526,1,-0.7399730033511126,0,0,1,1,0,-0.26128382405620926
527,2,0.0543871949074353,0,0,0,1,0,1.0727202116727788
528,2,-0.7399730033511126,0,0,0,1,1,-0.36464572150863117
529,2,-0.634058310249973,1,1,1,1,1,-0.7232345696283591
530,2,0.9546620862671229,0,0,0,1,1,-1.0978796348280748
531,1,0.37213127421085446,1,0,1,0,2,0.05214691352605258
532,2,-0.8988450430028222,0,1,1,1,0,0.09864304215351731
533,2,-0.42222892404769347,0,0,1,1,1,1.1787581453051978
534,1,-1.004759736103962,1,0,1,1,1,-2.3562856484721197
535,2,-0.3163142309465537,1,0,0,1,1,-0.2057560733212515
536,2,0.10734454145800516,1,0,1,1,1,1.081082824735272
537,2,-0.8988450430028222,1,0,0,1,1,1.1269099443177368
538,2,-0.6870156568005428,0,0,0,1,1,-0.19505192860125986
539,2,-0.4751862705982633,1,1,0,1,2,0.029400605996069612
540,2,1.6431075914245312,0,0,1,1,1,-0.4395747345485744
541,1,4.2380175724024545,0,1,0,1,2,1.454724376367489
542,1,-1.004759736103962,0,0,1,1,1,-2.3562856484721197
543,2,0.47804596731199417,0,0,1,1,2,1.4584039261149857
544,1,-0.5281436171488332,0,0,0,1,2,0.7061032550130563
545,1,-0.5281436171488332,2,0,0,1,0,0.24749755466590445
546,1,0.47804596731199417,2,1,1,0,1,-1.2544277513579558
547,1,1.6431075914245312,0,1,1,1,2,0.07890727532603217
548,2,2.1726810569302297,0,1,1,1,1,-0.12514048339881279
549,2,-0.10448484474427427,0,0,0,1,1,-0.8674060188257497
550,1,-0.581100963699403,0,1,1,1,1,0.623480637955619
551,1,0.5839606604131339,2,1,1,1,1,1.5707974456749003
552,1,-0.7399730033511126,0,0,0,1,1,0.3398208028758341
553,2,-0.15744219129484413,1,0,1,0,2,0.7990955122679857
554,2,-0.581100963699403,0,0,1,1,1,-1.1467172951130378
555,1,0.10734454145800516,2,1,1,0,1,-0.09536958089633538
556,2,-0.7399730033511126,0,1,0,1,1,-1.002545845915647
557,2,-0.7929303499016824,1,1,0,1,1,0.49202036061321897
558,2,1.6431075914245312,0,1,0,1,1,1.4724531160599745
559,2,-0.8988450430028222,1,0,1,1,1,0.639536855035607
560,1,-0.26335688439598387,0,0,0,1,1,-1.1216294559255566
561,2,-0.7929303499016824,0,1,1,1,1,-0.2850336451536915
562,1,-1.004759736103962,2,1,1,1,2,-2.3562856484721197
563,2,-1.004759736103962,2,1,0,1,2,-2.3562856484721197
564,2,-0.8458876964522524,2,0,1,1,1,1.1570153513427146
565,2,1.1135341259188325,1,0,1,1,2,1.099815077995257
566,2,-0.6870156568005428,2,0,0,1,1,0.4890098199107212
567,1,2.1726810569302297,0,1,0,1,0,-0.22850238085123448
568,2,-0.10448484474427427,0,0,1,1,1,-0.5840806882684647
569,2,-0.42222892404769347,0,1,0,1,0,-1.0339892710306233
570,2,-0.10448484474427427,1,0,1,0,1,-0.28436463610869217
571,1,-0.26335688439598387,0,1,0,1,1,-0.10874976179632541
572,1,0.47804596731199417,0,1,1,1,2,0.6816844248705751
573,1,-0.6870156568005428,1,0,0,1,1,0.6284982057931153
574,2,-0.581100963699403,2,0,0,1,1,-1.1416997272755414
575,2,1.325363512121112,0,1,1,1,2,-0.16293949444128444
576,1,2.06676636382909,0,1,1,1,0,-0.8055226821632966
577,2,1.325363512121112,0,0,1,1,1,-0.8807861997257396
578,2,-0.4751862705982633,0,0,0,1,2,1.1379485935602285
579,2,0.5839606604131339,0,0,0,1,2,-1.2266638759904769
580,2,-0.3692715774971236,1,1,1,0,2,-0.0906865175813389
581,2,-0.3163142309465537,1,0,0,1,1,-0.8463322339082656
582,2,-0.7929303499016824,1,0,1,1,1,1.29449671009011
583,1,-0.10448484474427427,0,0,0,1,2,0.32409909031834605
584,2,-0.7929303499016824,2,0,1,1,2,-0.6563336651284098
585,2,-0.581100963699403,0,1,0,1,1,0.15985736977097081
586,2,1.0076194328176928,0,0,1,1,1,0.8492711906429476
587,2,-0.7929303499016824,2,0,1,1,1,1.5316604165424301
588,2,-0.951802389553392,0,0,0,1,1,-0.6891151083333849
589,1,-0.951802389553392,0,0,0,1,2,1.3152359904850943
590,1,1.9608516707279502,2,0,0,1,1,1.4600764487274844
591,1,-0.26335688439598387,0,0,1,1,1,1.4062212206050253
592,1,-0.4751862705982633,1,0,0,1,1,0.560259283203167
593,2,0.7428327000648435,0,0,0,1,1,0.5431995525556802
594,2,0.9017047397165531,1,0,1,0,1,-0.13885516882130228
595,1,-0.581100963699403,0,0,0,1,2,0.9124925453953997
596,1,0.2132592345591449,0,0,0,1,1,0.24682854562090462
597,2,0.531003313862564,1,0,0,1,1,0.6867019927080711
598,1,0.10734454145800516,0,1,1,1,1,-0.06292264221386003
599,2,-0.8458876964522524,0,0,1,1,1,0.8492711906429476
600,2,1.1664914724694024,0,1,0,1,1,1.1292514759752348
601,2,-0.21039953784541401,0,0,0,1,2,-0.911895120318216
602,1,-0.6870156568005428,0,0,1,1,1,1.1546738196852158
603,1,-0.42222892404769347,0,0,0,1,2,0.27392341194338415
604,2,-1.004759736103962,2,0,1,1,2,-2.3562856484721197
605,2,-0.8988450430028222,0,0,1,1,1,-0.054225524628866935
606,1,0.531003313862564,0,0,1,1,2,-0.21177715472624717
607,2,-1.004759736103962,0,1,1,1,1,-2.3562856484721197
608,1,-0.4751862705982633,0,0,1,1,1,-0.5964573556009553
609,2,-0.26335688439598387,2,1,1,1,0,1.1887932809801902
610,1,-0.951802389553392,0,0,1,1,2,0.10432961903601305
611,2,2.808169215537068,2,0,1,0,2,0.19498034463344407
612,1,-0.7399730033511126,0,0,0,1,1,-0.4241875265135858
613,1,-0.634058310249973,1,1,0,1,1,0.37226774155830994
614,1,-0.634058310249973,1,1,1,1,1,-0.3736773436161244
615,1,-0.7399730033511126,2,0,1,1,2,-1.234691984530471
616,2,-1.004759736103962,1,0,0,1,1,-2.3562856484721197
617,2,0.37213127421085446,1,0,0,1,1,-1.333705323190396
618,1,2.596339829334789,0,0,1,1,2,1.5925402396373836
619,1,-0.7399730033511126,0,0,1,1,1,1.5547412285949125
620,2,0.10734454145800516,2,1,1,0,1,-0.1632739989637839
621,2,0.42508862076142434,0,0,0,1,1,0.8399050640129547
622,2,0.9546620862671229,0,0,0,1,1,-0.3117940069536711
623,1,-0.4751862705982633,1,1,1,1,2,0.6676352349255857
624,1,-0.634058310249973,0,0,1,1,2,1.0720512026277784
625,2,-0.634058310249973,2,1,0,1,2,1.4975409552474557
626,1,0.26621658110971474,1,0,0,1,1,-0.14788679092879578
627,2,0.7428327000648435,1,1,1,1,1,1.0054848026503291
628,1,-0.7929303499016824,2,0,1,1,1,-0.5523027586309888
629,2,-0.5281436171488332,0,1,1,1,1,1.6286667280673566
630,1,1.4312782052222517,0,0,0,1,2,-1.2751670317529402
631,2,0.6898753535142736,0,1,0,1,0,0.46425648524573965
632,2,3.3907000275933363,0,0,1,1,2,0.632846764585612
633,2,0.47804596731199417,1,0,1,0,1,0.718479922345547
634,1,-0.5281436171488332,2,0,0,1,1,-0.9905036831056561
635,2,-0.10448484474427427,0,1,1,1,1,1.4727876205824746
636,2,0.10734454145800516,0,0,1,1,0,-0.8071952047757953
637,2,-0.951802389553392,2,1,1,1,2,0.5221257676381958
638,2,-0.21039953784541401,0,0,0,1,1,-0.68242501788339
639,2,0.26621658110971474,0,0,0,1,1,-0.4278670762610832
640,2,-0.8458876964522524,0,1,0,1,1,0.2923211606808701
641,1,0.5839606604131339,2,0,1,0,1,-0.09670759898633456
642,2,-0.10448484474427427,1,1,0,1,2,-0.8704165595282474
643,2,2.1726810569302297,1,1,1,0,1,-0.8383041253682717
644,1,-1.004759736103962,2,1,1,1,0,-2.3562856484721197
645,1,-0.6870156568005428,0,0,0,1,1,0.927210744385389
646,1,-0.05152749819370442,0,1,0,1,1,1.350693469870067
647,2,-0.634058310249973,2,1,1,1,0,-1.0995521574405736
648,2,0.31917392766028463,0,0,0,1,1,-0.16929508036877955
649,2,0.47804596731199417,1,1,0,1,1,-1.0510490016781102
650,2,-0.8988450430028222,2,0,0,1,2,-1.3029309071204194
651,1,-0.26335688439598387,1,0,1,0,2,0.639202350513107
652,1,-0.26335688439598387,1,1,1,0,2,0.46091144002074236
653,1,-0.5281436171488332,2,0,0,1,1,-0.862053946465754
654,1,1.8549369776268105,2,0,0,1,1,-0.6489745656334154
655,1,0.8487473931659832,0,1,0,1,2,-1.2815226176804353
656,1,0.2132592345591449,0,1,1,1,1,1.1610294056127113
657,2,0.31917392766028463,0,0,0,1,1,1.5815015903948921
658,2,-0.3692715774971236,1,0,1,0,1,-0.9450110680456908
659,2,1.6431075914245312,0,1,0,1,1,-0.6559991606059101
660,2,0.2132592345591449,1,0,1,1,1,1.2617152668851346
661,2,0.37213127421085446,0,0,1,1,1,1.4363266276300026
662,1,1.0605767793682626,1,0,1,0,1,-0.08934849949133972
663,2,-0.6870156568005428,0,1,0,1,1,-1.200238018712997
664,2,0.6898753535142736,1,1,0,1,1,-1.2340229754854715
665,1,-0.7929303499016824,1,0,1,1,1,0.3752782822608073
666,1,-0.581100963699403,0,1,0,1,1,-0.1699640894137789
667,2,-0.581100963699403,0,0,0,1,1,-1.266469914167947
668,1,3.0199986017393474,1,1,0,1,2,0.40304215762828616
669,2,1.0076194328176928,0,0,1,1,0,-1.3186526196779074
670,2,0.26621658110971474,0,0,0,1,2,1.01752696546032
671,1,0.31917392766028463,2,0,0,1,2,-0.43020860791858145
672,1,-0.15744219129484413,1,1,1,0,0,-1.2316814438279733
673,1,2.06676636382909,2,0,0,1,1,0.4184293656632747
674,1,-0.3163142309465537,0,0,0,1,1,-0.15558039494628959
675,1,-0.5281436171488332,0,1,0,1,2,1.5788255542148941
676,2,-0.8458876964522524,2,1,1,1,1,0.28563107023087553
677,1,0.5839606604131339,1,0,0,1,1,-0.5242043787410102
678,2,0.37213127421085446,1,0,0,1,2,0.7830392951879978
679,1,-0.5281436171488332,0,1,1,1,2,-0.5355775325060015
680,2,-1.004759736103962,0,1,0,1,2,-2.3562856484721197
681,1,0.9017047397165531,0,1,0,1,2,-0.2248228311037373
682,1,-1.004759736103962,0,1,0,1,1,-2.3562856484721197
683,2,0.26621658110971474,0,0,0,1,1,-1.200572523235497
684,2,2.7022545224359282,0,0,1,1,1,-0.06994723718635497
685,1,-0.42222892404769347,2,0,1,1,1,1.153001297072717
686,2,-0.7399730033511126,0,1,1,1,2,1.0727202116727788
687,1,0.26621658110971474,1,1,0,1,1,-0.6774074500458939
688,2,0.7428327000648435,2,1,0,1,1,-0.6720553776858978
689,1,-0.21039953784541401,1,1,0,1,2,1.1078431865352516
690,1,2.596339829334789,0,1,1,1,1,1.448368790439993
691,2,-0.951802389553392,1,0,1,1,1,-1.0657672006680992
692,2,-0.26335688439598387,1,0,0,1,2,0.00230573967359057
693,1,0.31917392766028463,1,0,1,0,1,-0.3368818461411523
694,2,1.0605767793682626,1,1,0,1,2,1.2684053573351297
695,2,-0.8458876964522524,2,1,0,1,2,-1.101224680053072
696,1,0.6898753535142736,1,0,1,0,1,-0.7172134882233636
697,2,-0.15744219129484413,0,0,1,1,1,0.9124925453953997
698,1,-0.4751862705982633,1,0,1,1,1,-1.1982309915779987
699,2,-0.8988450430028222,0,1,0,1,2,0.13008646726849338
700,2,1.1135341259188325,2,0,1,0,1,-0.021778585946391118
701,2,-0.8458876964522524,0,0,1,1,1,-0.34591346824864533
702,1,-0.634058310249973,0,0,0,1,2,-0.16494652157628203
703,1,-0.6870156568005428,2,0,1,1,1,0.24247998682840807
704,1,1.1664914724694024,1,1,1,0,2,-0.86707151430325
705,1,0.16030188800857503,0,0,1,1,0,0.3692572008558121
706,1,0.6369180069637038,0,1,1,1,2,1.0720512026277784
707,2,-0.7399730033511126,2,1,0,1,1,0.9355733574478821
708,1,0.0014298483568654405,0,0,0,1,2,-0.8894833173107328
709,1,-0.15744219129484413,2,1,1,0,0,-0.9035325072557222
710,2,0.8487473931659832,0,0,0,1,2,-0.545278163658494
711,1,1.4842355517728216,1,0,1,0,1,-0.26563238284870627
712,2,-1.004759736103962,2,1,1,1,1,-2.3562856484721197
713,1,0.16030188800857503,0,0,1,1,1,0.6933920831580661
714,2,-0.951802389553392,0,1,1,1,1,-1.1821747744980107
715,1,-0.21039953784541401,0,1,0,1,1,-1.2484066699529606
716,1,-0.6870156568005428,1,0,0,1,2,-0.17297463011627673
717,2,-0.634058310249973,1,0,0,1,1,0.745909293190526
718,1,-0.581100963699403,1,0,1,1,1,-0.7703997073008234
719,2,0.0014298483568654405,0,0,1,1,1,0.5786570319406529
720,1,-0.581100963699403,0,0,0,1,1,-0.5707005073684747
721,1,0.37213127421085446,0,1,1,1,1,1.3149014859625945
722,2,-0.4751862705982633,0,0,1,1,0,1.343668874897572
723,1,-0.951802389553392,1,0,1,1,1,-0.45763797876356066
724,2,0.5839606604131339,2,1,0,1,2,-0.6603477193984066
725,2,-0.6870156568005428,1,0,1,1,1,-0.11443633867882115
726,2,-0.42222892404769347,0,1,0,1,1,-0.6285697897609309
727,2,0.2132592345591449,2,1,0,1,1,0.6713147846730829
728,1,-0.581100963699403,1,1,0,1,1,1.1342690438127312
729,1,-0.951802389553392,2,1,1,1,1,0.6736563163305809
730,1,-0.5281436171488332,1,1,1,1,1,1.1289169714527354
731,2,2.01380901727852,0,0,0,1,1,-0.15758742208128815
732,2,0.0543871949074353,0,1,0,1,1,-0.8821242178157385
733,1,0.16030188800857503,1,0,0,1,1,0.8690069574704323
734,2,0.0543871949074353,0,1,1,1,0,-0.26763940998370483
735,1,-0.7929303499016824,0,0,1,1,2,0.6679697394480851
736,2,-0.4751862705982633,1,0,1,1,1,-0.5379190641634997
737,1,0.42508862076142434,1,0,0,1,1,-1.1082492750255668
738,2,-0.8988450430028222,1,1,1,1,2,1.6353568185173513
739,2,-0.6870156568005428,0,0,1,1,2,-0.8824587223382382
740,1,-0.6870156568005428,0,1,0,1,2,1.6229801511848605
741,1,-0.42222892404769347,1,0,0,1,0,1.5895296989348857
742,1,3.1259132948404873,2,0,0,1,1,1.0369282277653054
743,1,-0.951802389553392,1,1,1,1,1,0.632512260063112
744,1,-0.26335688439598387,2,0,0,1,1,0.38665143602579877
745,2,-0.8458876964522524,1,0,0,1,2,1.2546906719126403
746,2,2.7022545224359282,1,1,1,0,1,-0.4813877998610427
747,2,-0.8988450430028222,0,0,1,1,1,0.05515745422855041
748,1,-0.4751862705982633,1,1,1,1,1,0.5120906319632036
749,2,0.37213127421085446,1,1,0,1,1,-0.1147708432013206
750,2,0.26621658110971474,1,1,0,1,2,-0.06593318291635786
751,1,-0.4751862705982633,0,1,0,1,1,-0.3582901355811361
752,2,-0.581100963699403,1,0,1,1,1,0.34584188428082974
753,2,-0.4751862705982633,0,1,0,1,1,1.2078600387626754
754,1,-0.6870156568005428,1,1,0,1,2,-0.7459808771583415
755,1,-0.7929303499016824,0,0,0,1,1,1.4604109532499838
756,2,-0.3163142309465537,2,1,0,1,2,0.7218249675705443
757,1,-0.6870156568005428,0,0,0,1,1,1.1255719262277377
758,2,-0.6870156568005428,0,0,1,1,1,0.3217575586608481
759,2,0.10734454145800516,0,0,0,1,1,0.9941116488853382
760,2,2.6492971758853585,1,0,1,0,2,-1.3039344206879186
761,1,-0.05152749819370442,0,0,0,1,1,1.1108537272377494
762,1,-0.951802389553392,0,0,1,1,1,-1.232015948350473
763,2,-0.951802389553392,1,1,0,1,2,1.326274639727586
764,2,2.1726810569302297,0,0,0,1,1,1.6336842959048525
765,1,-0.634058310249973,2,0,0,1,2,-0.467338609916053
766,2,-0.951802389553392,2,0,1,1,1,-0.7195550198808619
767,2,-0.05152749819370442,1,0,1,0,1,0.9512950700053702
768,1,0.0014298483568654405,0,0,0,1,2,-0.5911052832409592
769,1,0.0543871949074353,1,1,1,1,1,1.2530181493001415
770,2,-0.6870156568005428,0,1,0,1,2,-1.0430208931381164
771,1,-1.004759736103962,0,0,1,1,2,-2.3562856484721197
772,1,2.5433824827842186,0,0,1,1,1,1.5948817712948822
773,1,-0.7399730033511126,2,1,1,1,2,0.6759978479880794
774,1,0.16030188800857503,0,1,1,1,2,1.1968213895201845
775,2,0.26621658110971474,1,0,0,1,2,-0.3763533797961223
776,2,-0.05152749819370442,1,0,1,0,0,0.6836914520055732
777,1,-0.634058310249973,0,1,1,1,1,0.4361581053557613
778,2,-0.6870156568005428,0,0,1,1,1,0.4629184671557409
779,2,-0.05152749819370442,2,0,1,0,1,0.7020892007430596
780,2,1.1135341259188325,1,1,1,0,2,0.37929233653080435
781,1,2.06676636382909,1,0,1,0,1,-0.06091561507886148
782,1,-0.8988450430028222,0,0,1,1,1,-0.5221973516060117
783,2,-0.8458876964522524,0,0,1,1,1,0.960995701157863
784,2,2.01380901727852,0,0,0,1,2,-0.6717208731633981
785,1,0.37213127421085446,0,0,1,1,2,0.7315255987230371
786,1,1.2194488190199722,0,0,0,1,2,-0.6503125837234144
787,1,-0.7929303499016824,2,0,1,1,2,0.5298193716556902
788,2,-0.10448484474427427,0,1,1,1,1,0.8964363283154118
789,2,0.26621658110971474,0,1,1,1,1,-0.6944671806933809
790,2,0.16030188800857503,1,0,1,0,0,-1.1724741433455181
791,1,-0.4751862705982633,1,1,0,1,1,-0.9583912489456806
792,2,-1.004759736103962,0,1,1,1,1,-2.3562856484721197
793,2,-0.10448484474427427,1,0,0,1,1,1.2045149935376782
794,1,-0.7399730033511126,0,1,1,1,1,-1.2172977493604842
795,2,-0.42222892404769347,0,0,1,1,1,0.8572992991829413
796,2,2.3315530965819393,0,1,0,1,2,-0.32517418785366115
797,1,-0.4751862705982633,2,0,1,1,1,0.08793889743352519
798,2,0.9017047397165531,0,0,1,1,2,1.4436857271249965
799,1,-0.7929303499016824,0,1,1,1,1,-0.3532725677436397
800,2,0.16030188800857503,0,1,0,1,1,0.048132859256055475
801,2,2.9670412551887777,2,1,0,1,2,-1.3116280247054124
802,2,-0.8988450430028222,0,1,0,1,1,-1.1072457614580675
803,2,-1.004759736103962,0,1,1,1,1,-2.3562856484721197
804,1,-0.42222892404769347,0,1,0,1,1,-1.2688114458254451
805,2,-0.951802389553392,0,0,1,1,1,0.5478826158706762
806,2,0.42508862076142434,1,0,0,1,1,-0.06894372361885569
807,1,1.5901502448739613,1,0,0,1,1,0.29733872851836646
808,2,-0.42222892404769347,0,1,0,1,1,-0.8269309716032804
809,2,-0.7399730033511126,0,1,1,1,2,-0.46198653755605695
810,1,-0.42222892404769347,0,1,1,1,1,0.6455579364406021
811,2,0.31917392766028463,0,0,1,1,1,1.5534032105049134
812,2,-1.004759736103962,0,1,1,1,1,-2.3562856484721197
813,1,-0.10448484474427427,1,1,0,1,2,1.3276126578175846
814,2,0.0014298483568654405,2,0,0,1,1,0.38397539984580087
815,1,0.0543871949074353,2,0,0,1,2,0.34483837071333046
816,1,-0.7399730033511126,2,0,0,1,2,0.1535017838434757
817,1,0.31917392766028463,1,0,0,1,1,-1.14370675441054
818,2,-0.951802389553392,1,0,1,1,2,-1.0821579222705866
819,2,-0.7929303499016824,0,1,1,1,1,0.4562283767057459
820,1,1.1664914724694024,1,1,0,1,2,-0.3261777014211604
821,1,0.37213127421085446,0,0,0,1,1,1.4085627522625237
822,2,-1.004759736103962,0,0,0,1,2,-2.3562856484721197
823,1,-0.7399730033511126,1,1,1,1,2,-0.9212612469482089
824,2,-0.7929303499016824,0,0,1,1,1,0.7987610077454859
825,2,-0.6870156568005428,0,1,0,1,1,-0.4696801415735515
826,2,-0.7399730033511126,2,1,1,1,2,0.229099805928419
827,2,-0.951802389553392,0,1,1,1,2,0.7479163203255246
828,1,-0.3692715774971236,0,1,0,1,1,1.3573835603200621
829,2,0.37213127421085446,2,0,0,1,1,1.0322451644503092
830,2,-0.05152749819370442,1,1,0,1,1,0.6833569474830737
831,2,0.16030188800857503,1,0,1,0,1,0.6933920831580661
832,1,-0.951802389553392,0,0,1,1,1,1.4948649190674577
833,2,2.1726810569302297,0,1,1,1,1,-0.4623210420785571
834,1,0.9017047397165531,2,1,0,1,1,-1.3494270357478841
835,1,0.6898753535142736,1,0,1,0,1,-0.5339050098935029
836,1,0.7957900466154133,1,1,0,1,1,-0.6968087123508792
837,2,1.8019796310762408,0,0,1,1,2,0.6398713595581068
838,2,-0.21039953784541401,0,1,1,1,1,0.5549072108431711
839,2,-0.7929303499016824,2,1,1,1,2,0.4338165736982629
840,2,0.0014298483568654405,0,1,0,1,1,-1.3039344206879184
841,1,0.42508862076142434,1,0,0,1,1,0.8412430821029544
842,2,0.37213127421085446,0,0,0,1,2,-0.37869491145362055
843,1,-0.26335688439598387,1,0,1,0,1,0.6495719907105992
844,2,-0.951802389553392,2,1,0,1,1,0.3227610722283473
845,2,-0.5281436171488332,1,0,0,1,1,-0.3208256290611646
846,2,1.6431075914245312,0,0,1,1,1,-0.9476871042256888
847,2,-0.10448484474427427,1,1,0,1,1,-1.0684432368480972
848,1,-0.21039953784541401,1,0,0,1,2,1.1506597654152186
849,1,-0.6870156568005428,0,1,0,1,1,1.412242302010021
850,2,-0.5281436171488332,2,1,0,1,1,0.6034103666056344
851,1,1.3783208586716817,1,0,0,1,1,-1.0413483705256177
852,1,0.10734454145800516,2,0,1,0,1,-0.14253471856879946
853,2,0.5839606604131339,1,0,1,0,1,0.8415775866254533
854,2,-0.3692715774971236,0,1,0,1,2,0.9947806579303375
855,1,0.0014298483568654405,0,0,0,1,2,-0.9968592690331514
856,1,-0.7399730033511126,0,0,1,1,1,-1.3527720809728814
857,2,0.26621658110971474,2,1,0,1,1,0.7910674037279916
858,2,-0.42222892404769347,1,1,0,1,1,-0.27934706827119576
859,1,-0.42222892404769347,1,1,1,1,1,-0.5867567244484627
860,1,0.0543871949074353,0,1,0,1,2,-1.3139695563629106
861,1,1.9078943241773805,0,0,0,1,1,0.27392341194338415
862,1,-0.951802389553392,1,0,0,1,0,1.2095325613751742
863,1,0.7957900466154133,0,1,1,1,2,1.5303223984524308
864,2,-0.6870156568005428,0,0,0,1,2,0.3505249475958262
865,2,-0.42222892404769347,1,1,0,1,1,0.19598385820094333
866,2,-1.004759736103962,0,0,1,1,1,-2.3562856484721197
867,1,-0.634058310249973,0,1,1,1,1,0.29968026017586497
868,2,-0.3163142309465537,0,0,1,1,1,-0.20876661402374935
869,1,-0.951802389553392,0,1,0,1,2,0.47496062996573174
870,2,-0.3163142309465537,2,0,1,0,2,-0.18234075674626965
871,2,1.7490222845256709,0,0,0,1,1,-0.6292387988059303
872,1,-0.8988450430028222,0,1,0,1,1,-1.0667707142355984
873,2,0.47804596731199417,0,1,1,1,1,-0.4047862642086008
874,1,-0.4751862705982633,1,1,1,1,1,-1.061753146398102
875,2,0.10734454145800516,0,1,1,1,1,-0.8202408811532854
876,1,-0.6870156568005428,1,0,0,1,2,1.619635105959863
877,1,-0.8458876964522524,0,1,1,1,1,-0.015757504541395934
878,2,-0.8458876964522524,0,1,0,1,1,0.24850106823340373
879,1,-0.951802389553392,0,0,1,1,1,1.2774369794426226
880,2,-0.7929303499016824,2,0,1,1,2,1.6443884406248441
881,1,0.10734454145800516,2,0,0,1,2,0.4013696350157875
882,2,1.2194488190199722,0,1,0,1,1,1.0931249875452629
883,2,0.7428327000648435,1,1,1,0,1,-0.3686597757786283
884,2,0.2132592345591449,2,0,1,0,2,-0.4322156350535798
885,1,-0.8988450430028222,0,0,1,1,2,-0.1405276914338014
886,1,-0.6870156568005428,2,1,1,1,2,0.6719837937180827
887,1,-0.634058310249973,0,1,0,1,2,0.7010856871755603
888,1,-0.7399730033511126,2,0,0,1,1,-0.4037827506411013
889,2,-0.26335688439598387,1,1,1,0,2,-0.9517011584956856
890,2,-0.21039953784541401,2,1,0,1,2,0.5512276610956739
891,2,-0.581100963699403,1,0,0,1,2,-0.9664193574856746
892,2,-0.581100963699403,0,1,1,1,2,0.38865846316079733
893,2,0.8487473931659832,2,1,1,0,2,0.7348706439480344
894,2,0.6369180069637038,0,1,1,1,2,0.756613437910518
895,1,-0.634058310249973,0,0,1,1,2,0.915503086097898
896,2,1.5901502448739613,1,0,1,1,2,1.275095447785125
897,2,2.2256384034807994,1,1,0,1,1,0.15249827027597643
898,2,-0.634058310249973,2,0,0,1,1,0.8455916408954505
899,1,-0.581100963699403,0,0,0,1,2,0.5114216229182043
900,1,-0.26335688439598387,1,1,1,0,1,-0.7908044831733079
901,1,1.9608516707279502,1,1,1,0,1,-1.27550153627544
902,2,1.1664914724694024,0,1,0,1,1,-0.4961059988510312
903,2,-0.8988450430028222,0,1,0,1,1,-0.019102549766393206
904,1,-0.5281436171488332,0,1,0,1,2,0.5050660369907091
905,2,-0.15744219129484413,0,0,0,1,1,1.206187516150177
906,1,-0.3163142309465537,2,0,1,0,1,-0.7620370942383298
907,1,-0.7929303499016824,1,0,0,1,1,-0.9747819705481683
908,1,1.0605767793682626,1,0,1,1,2,1.5477166336224175
909,2,0.16030188800857503,2,1,0,1,2,-1.027633685103128
910,2,0.9017047397165531,0,0,0,1,2,0.08760439291102574
911,1,1.0605767793682626,2,1,1,0,1,0.41006675260078107
912,2,0.42508862076142434,0,0,1,1,1,0.276933952645882
913,1,-0.42222892404769347,2,0,1,1,1,-1.0938655805580777
914,2,-0.05152749819370442,0,1,0,1,2,-1.1811712609305114
915,2,-0.8458876964522524,2,0,1,1,1,-1.0353272891206222
916,2,0.16030188800857503,0,1,1,1,1,0.41006675260078107
917,1,-0.8458876964522524,0,0,1,1,2,0.285965574753375
918,2,0.2132592345591449,1,0,1,0,1,-0.6489745656334152
919,2,-0.7399730033511126,0,0,0,1,1,0.5672838781756618
920,1,-0.8988450430028222,1,1,0,1,1,1.1162057995977452
921,2,-0.8458876964522524,0,1,1,1,2,-1.2276673895579762
922,1,-1.004759736103962,1,0,0,1,1,-2.3562856484721197
923,2,0.31917392766028463,0,0,0,1,1,0.7224939766155442
924,1,0.37213127421085446,0,1,0,1,1,-0.5931123103759578
925,2,-0.26335688439598387,0,1,0,1,2,-0.4261945536485844
926,2,-0.8458876964522524,0,1,0,1,0,0.4946963967932169
927,1,-0.951802389553392,0,1,1,1,1,1.3503589653475676
928,1,-1.004759736103962,0,0,1,1,1,-2.3562856484721197
929,1,-0.8458876964522524,0,1,0,1,2,0.4027076531057867
930,1,1.325363512121112,0,0,0,1,1,0.8455916408954509
931,1,-0.7399730033511126,1,1,0,1,1,-0.25459373360621473
932,2,-0.581100963699403,2,1,0,1,2,0.5769845093281543
933,1,-0.8988450430028222,0,1,0,1,2,0.05080889543605339
934,1,-0.7399730033511126,1,0,1,1,0,-0.7811038520208152
935,2,-0.26335688439598387,1,0,1,0,1,0.7599584831355154
936,1,-0.05152749819370442,0,0,0,1,1,0.32242656770584743
937,2,-0.7399730033511126,1,0,1,1,1,-0.2729914823437009
938,2,-0.951802389553392,0,1,1,1,2,1.3908340125700367
939,2,-0.5281436171488332,1,0,1,1,1,-1.289885230742929
940,2,-0.7399730033511126,0,0,0,1,1,-0.4021102280286027
941,2,-0.7929303499016824,1,0,1,1,1,-1.1815057654530114
942,1,2.384510443132509,1,0,0,1,2,0.9549746197528673
943,1,0.0014298483568654405,0,1,0,1,2,0.7609619967030147
944,1,-0.15744219129484413,0,1,0,1,1,-0.35527959487863825
945,2,-0.4751862705982633,2,1,0,1,2,0.6813499203480752
946,1,-0.42222892404769347,0,1,0,1,1,-0.16093246730628588
947,2,-0.21039953784541401,1,0,1,0,0,0.9238656991603912
948,2,0.2132592345591449,2,0,0,1,1,0.014682407006080856
949,2,0.26621658110971474,1,0,0,1,1,-0.11142579797632332
950,2,-0.8458876964522524,1,0,1,1,1,1.461414466817483
951,1,-0.3163142309465537,1,1,1,0,1,-0.5974608691684545
952,2,-0.4751862705982633,2,0,0,1,1,-0.9901691785831567
953,2,1.1135341259188325,0,0,0,1,1,0.4070562118982832
954,1,0.0014298483568654405,0,1,0,1,2,1.565445373314904
955,1,-0.21039953784541401,0,0,0,1,1,-0.21512219995124443
956,2,-0.8988450430028222,2,1,0,1,2,-1.166118557418023
957,2,-0.05152749819370442,1,0,1,0,1,-0.33119526925865655
958,2,-0.8988450430028222,0,1,0,1,1,0.17022700996846302
959,2,-0.581100963699403,2,0,1,1,2,-0.8653989916907512
960,2,-0.8458876964522524,0,0,1,1,1,0.6284982057931153
961,2,0.2132592345591449,0,0,1,1,2,1.6510785310748393
962,1,-0.7929303499016824,1,0,1,1,2,0.007323307511086477
963,1,-0.5281436171488332,0,0,0,1,1,-0.28469914063119184
964,1,1.3783208586716817,2,1,1,0,2,-0.14654877283879658
965,2,-0.7929303499016824,0,1,1,1,1,-1.0062253956631444
966,2,-0.26335688439598387,2,0,0,1,2,1.3062043683776008
967,2,-0.4751862705982633,1,1,1,1,1,-0.10406669848132895
968,1,-1.004759736103962,0,1,0,1,2,-2.3562856484721197
969,2,0.6369180069637038,2,0,0,1,1,0.6331812691081118
970,2,-0.951802389553392,1,0,1,1,2,-0.022113090468891036
971,2,-0.3692715774971236,0,0,0,1,1,0.5987273032906375
972,2,-0.15744219129484413,0,1,1,1,1,-1.1677910800305218
973,1,0.0014298483568654405,2,0,1,1,2,1.0971390418152596
974,2,0.2132592345591449,0,0,1,1,1,1.4788087019874703
975,1,-0.7399730033511126,0,0,1,1,1,0.6003998259031366
976,1,-1.004759736103962,0,0,0,1,0,-2.3562856484721197
977,2,0.31917392766028463,0,1,1,1,1,-0.8968424168057272
978,2,-0.21039953784541401,1,0,1,0,0,0.08459385220852791
979,2,0.9017047397165531,0,0,1,1,0,0.4589044128857443
980,2,0.7957900466154133,0,0,0,1,2,0.3986935988357896
981,2,0.9546620862671229,0,1,1,1,2,-0.14420724118129857
982,2,-0.3163142309465537,0,0,1,1,1,-0.33487481900615373
983,2,-0.581100963699403,2,0,0,1,1,-0.9711024208006711
984,1,0.6369180069637038,0,1,1,1,1,-0.17330913463877617
985,1,-0.3692715774971236,2,0,0,1,1,-0.8630574600332527
986,1,-0.7929303499016824,0,0,1,1,1,0.8579683082279412
987,1,1.0076194328176928,0,1,0,1,2,-0.7242380831958584
988,1,1.2194488190199722,2,0,0,1,2,-1.1764881976155153
989,1,-0.3692715774971236,0,1,1,1,1,0.31004990037335667
990,1,-0.951802389553392,1,0,1,1,1,0.43916864605825867
991,2,-0.5281436171488332,2,1,0,1,1,1.2720849070826268
992,1,0.6898753535142736,0,0,1,1,0,0.38430990436830076
993,2,1.4312782052222517,0,1,0,1,1,-0.31279752052117016
994,1,-0.7929303499016824,1,0,0,1,1,1.064692103132784
995,2,-0.951802389553392,0,1,0,1,1,0.27392341194338415
996,1,1.1664914724694024,0,0,1,1,1,-1.1139358519080627
997,1,-0.5281436171488332,0,0,0,1,2,0.35085945211832614
998,2,-0.21039953784541401,0,0,1,1,2,1.3807988768950443
999,1,2.596339829334789,1,1,0,1,1,-0.15959444921628668
1000,1,-0.951802389553392,0,1,0,1,2,-0.4606485194660582
